fName,lName,jTitle,OuName,OuPath
Mary,Stolle,CEO,CEOOu,"OU=CEOOu,OU=StaffOu,dc=PSTest,dc=local"
Syed,Acharya,Finance,FinanceOu,"OU=FinanceOu,OU=StaffOu,dc=PSTest,dc=local"
Johannes,Klein,Sales,SalesOu,"OU=SalesOu,OU=StaffOu,dc=PSTest,dc=local"
David,Jones,Purchasing,PurchasingOu,"OU=PurchasingOu,OU=StaffOu,dc=PSTest,dc=local"
Seamus,O'Grady,HR,Hrou,"OU=HROu,OU=StaffOu,dc=PSTest,dc=local"
Susan,Ng,Employee,StaffOu,"OU=StaffOu,dc=PSTest,dc=local"
Samuel,Lee,IT,ITOu,"OU=ITOu,OU=StaffOu,dc=PSTest,dc=local"
Tom,Chung,Employee,StaffOu,"OU=StaffOu,dc=PSTest,dc=local"
Wei,Yoon,Employee,StaffOu,"OU=StaffOu,dc=PSTest,dc=local"
Mercedes,Schmidt,Employee,StaffOu,"OU=StaffOu,dc=PSTest,dc=local"
Rayyan,Hodges,Employee,StaffOu,"OU=StaffOu,dc=PSTest,dc=local"
